image_path,unrealistic,explanation
f1.png,yes,"The deer's antlers look unusually large and symmetrically balanced for the animal's body size, which is not typical for deer, making this scene look unrealistic."
f10.png,no,"there is nothing unrealistic in this image. The scene looks natural, with smooth transitions between objects and realistic lighting and shadows."
f100.png,no,there is nothing unrealistic in this image. The architecture and surroundings look natural and well-proportioned.
f101.png,yes,"The footprints in the sand have unnatural, smooth, almost perfect shapes and lack realistic detail, making them appear digitally generated rather than naturally formed."
f102.png,somewhat,"The trees in the foreground and background look slightly artificial and uniformly spaced, and the shadows on the railing and path seem inconsistent with natural sunlight."
f103.png,yes,"The steam rising from the teapot has unnatural, swirling shapes and does not look like natural steam, suggesting digital rendering or editing."
f105.png,no,"nothing looks unrealistic in this image. The bridge, water, and surrounding environment all appear natural and plausible."
f106.png,somewhat,"The light rays in the background appear overly bright and somewhat unnatural, especially around the tree trunks and the man's back, giving the image a slightly artificial look."
f107.png,no,"nothing unrealistic in this image. The water, rocks, and landscape all appear natural and cohesive."
f109.png,no,"there is nothing unrealistic in this image. The vegetables, hands, and bowl all appear natural and proportionate."
f11.png,somewhat,"The shadows of the palm fronds on the sand and the perspective of the palm trunks look unnatural, with odd transitions and an unrealistic sense of scale."
f110.png,no,"there is nothing unrealistic in this image. The scene, including the barn, fence, horse, and landscape, appears natural and well-rendered."
f111.png,yes,"The topmost egg appears unnaturally large compared to the other elements, and the decorative layer has an unnatural transition to the cake beneath, creating an unrealistic look."
f112.png,somewhat,"The grass field looks unusually smooth and uniform, lacking natural variations. The edge of the field near the bottom is slightly uneven compared to the rest of the scene."
f113.png,yes,"The red kayak appears unrealistically oversized and oddly positioned next to the sailboat, and the kayak's shape and perspective do not blend naturally with the water and boat."
f115.png,yes,"The oversized foot in the foreground is unnaturally large compared to the people in the background, which looks unrealistic and distorted."
f116.png,somewhat,"The bucket handles and their attachment to the bucket look unnatural, and the bucket itself has a distorted shape with inconsistent perspective."
f117.png,yes,"The chicken’s legs are oddly shaped and merged into the body, making the anatomy look unnatural and inconsistent with a typical roasted chicken."
f118.png,no,"there is nothing unrealistic in this image. The scene appears natural and coherent, with proper transitions between objects and realistic lighting."
f119.png,no,"there is nothing unrealistic in this image. The player, jersey, and stadium all appear natural and consistent with real-life photographs."
f12.png,somewhat,"The columns appear unusually thick and their alignment and spacing look unnatural, which gives the scene a slightly unrealistic or distorted architectural appearance."
f120.png,somewhat,"The person’s hair appears unusually thin, and the overall appearance, especially the neck and collar area, lacks natural detail, making the image look slightly unnatural or photoshopped."
f121.png,somewhat,"The bridge lights appear unusually bright and uniform, lacking natural variation, and the water reflection looks overly smooth and perfect, making the scene seem slightly artificial."
f122.png,somewhat,"The snake's eye appears unusually large and unnatural, and the scales on the head lack typical texture and continuity. The head also looks slightly blurred compared to the body."
f123.png,no,"nothing looks unrealistic in this image. The food, people, and setting all appear natural and consistent with a typical street food scene."
f125.png,yes,"The frog's feet appear overly large and awkward, and its skin texture and markings look unnaturally smooth and inconsistent compared to a real frog."
f127.png,no,"there is nothing unrealistic in this image. The landscape, lighting, and objects all appear natural and proportionate."
f128.png,somewhat,The waterfall transitions and flower placement look a bit artificial; the flow of water and positioning of blooms on uneven terrain appear less natural and overly uniform.
f129.png,somewhat,"The flower colors and proportions appear somewhat unnatural, and the wooden surface at the bottom lacks realistic texture and transition into the scene."
f13.png,yes,"The trees' trunks are oddly shaped and distorted, and the car in front appears unusually tall compared to the other vehicles, which makes the scene look unrealistic."
f130.png,somewhat,"The interior lights through the windows look unusually bright and uniform, creating an artificial glow that doesn’t naturally match the outdoor lighting conditions."
f131.png,somewhat,"The building’s architectural details, especially the windows and arches, have unnatural symmetry and proportions, giving it an artificial appearance despite the otherwise realistic setting."
f132.png,yes,"The guitar strings look distorted and inconsistent in thickness, and the right arm of the person appears oddly shaped and misaligned, making the scene look unrealistic."
f133.png,somewhat,"The flowers' centers and edges appear slightly uneven, and some petals look unnaturally smooth and identical, making the arrangement look artificial rather than organic."
f135.png,yes,"The gazebo-like structure and railing look unrealistic; proportions and connections between posts and rails appear awkward and unnatural, lacking architectural logic or smooth transitions."
f139.png,yes,"The buildings along the water have unusually sharp and distorted edges, and the boats' structures look awkwardly shaped and not proportionate, making the scene look unrealistic."
f14.png,no,"there is nothing unrealistic in this image. The architecture, lighting, and perspective all appear natural and consistent with a real cityscape."
f140.png,yes,"Yes, the player on the left has a distorted face and unnatural hand positioning, which look unrealistic compared to the normal posture and proportion of the other player."
f141.png,no,"there is nothing unrealistic in this image. The people, objects, and setting appear natural and well-integrated."
f142.png,yes,"Yes, the hands and arms of the people in the image appear oddly merged and the right hand of the person holding the mic looks distorted and unnatural."
f144.png,yes,"The cake appears to have a very thick, unusually structured middle layer that is inconsistent with typical cake design, giving the cake an odd, unrealistic look."
f146.png,somewhat,"The bridge's arch appears distorted, with an uneven transition between the structure and the background trees. The reflections on the water look unnatural and overly crisp."
f147.png,somewhat,"The transition between horses' bodies and their legs appears slightly unnatural, with inconsistent leg positions and proportions that look out of place for real horses."
f148.png,no,"there is nothing unrealistic in this image. The market scene, the produce, and the people all appear natural and cohesive."
f149.png,somewhat,"The plate she is holding is oddly shaped and the food on it looks unnatural and inconsistent, with an uneven and unrealistic appearance. The arm placement also looks slightly off."
f15.png,somewhat,"The forest path appears oddly symmetrical and the trees seem slightly too perfectly aligned, which is uncommon in natural forest environments."
f151.png,no,"there is nothing unrealistic in this image. The texture, color, and presentation of the food look normal and consistent with real-life conditions."
f152.png,yes,"Yes, the camera in the image is unrealistic. The brand name ""Mann"" is not a real camera manufacturer, and the body shape and button layout look unnatural and inconsistent."
f153.png,yes,"The bridge's supports are unusually shaped and the shadows appear distorted and unnatural. The transition between bridge panels is not smooth, indicating possible digital generation."
f155.png,no,there is nothing unrealistic in this image. The ducklings and nest appear natural and proportionate.
f156.png,somewhat,"The wheat stalks appear unusually long and thin, and their arrangement seems unnatural, with an odd density and shape compared to typical wheat growth patterns."
f157.png,yes,The cakes and bowls are unrealistic in appearance; they lack the typical textures and colors of real baked goods and their edges appear unnaturally smooth and plastic-like.
f158.png,somewhat,"The pasta dish has an unusual mixture of ingredients that look inconsistent, such as tomatoes mixed with penne pasta and what appears to be chicken pieces, making the overall dish look unnatural."
f159.png,somewhat,"The flower appears unrealistically perfect, with uniform petals, unusually vibrant coloring, and an overly symmetrical pattern, suggesting digital manipulation rather than a natural flower."
f16.png,yes,"The crowd is unnaturally dense, and many individuals have odd, unnatural postures. The transition between sand, water, and people is overly sharp and artificial, indicating unrealistic proportions and blending."
f160.png,no,there is nothing unrealistic in this image. The flower and its details appear natural and proportionate.
f161.png,no,there is nothing unrealistic in this image. The pumpkins and their arrangement appear natural and proportionate.
f162.png,no,"there is nothing unrealistic in this image. The frog appears normal, and the anatomy, texture, and color are all consistent with real frogs."
f163.png,somewhat,"The monk's face appears unnaturally distorted, especially the forehead and nose area, making the face look warped compared to normal human features."
f164.png,yes,"The shrimp's heads and bodies look oddly distorted, with unnatural shapes and inconsistent coloring. Some shrimp legs are not aligned naturally, making the overall presentation unrealistic."
f165.png,somewhat,"The coral colors and patterns look a bit unnatural, as if painted or digitally generated, lacking the fine texture and variation typically seen in real coral formations."
f166.png,somewhat,"The hand in the background is oddly shaped and integrated unnaturally, suggesting the image may be AI-generated or edited in a way that distorts realistic details."
f168.png,yes,"The waterfall appears unusually fragmented and scattered, lacking natural flow, and the transition between water and rock is not smooth, which looks unrealistic in the context of a natural scene."
f169.png,somewhat,"The fruits, vegetables, and cheese look somewhat unrealistic, as their sizes and proportions appear inconsistent with reality, and some shapes do not naturally fit together."
f17.png,somewhat,"The lower cabinets are an unusual dark brown wood tone that doesn’t match typical modern kitchens and appears inconsistent with the rest of the clean, minimalist design."
f171.png,no,"there is nothing unrealistic in this image. The player, uniform, and background all appear natural and consistent."
f172.png,somewhat,"The Chinese characters on the jersey appear oddly placed and slightly blurred, which makes the design look unnatural compared to the crisp details of the rest of the image."
f173.png,somewhat,"The arms of the basketball player appear oddly shaped, with unnatural proportions and joint positions, which looks unrealistic and suggests possible AI generation or image manipulation."
f174.png,yes,"The road and bridge structures appear unrealistic with odd transitions between road surfaces and bridge elements, and the signage is distorted and poorly aligned."
f175.png,yes,"The front of the truck looks unrealistic. The front grille has distorted details, and the reflections on the hood appear unnatural, suggesting digital manipulation or AI generation."
f176.png,somewhat,"The fur around the ears looks unnaturally defined, and there appears to be an unusual gray patch on the back that doesn’t match the natural fox coloring."
f18.png,yes,"The player in red has an unnaturally long and distorted arm reaching for the ball, which appears unrealistic compared to normal human anatomy in sports action."
f180.png,yes,"The person in the middle with a muscular build appears unnaturally large compared to the others, and their proportions seem distorted relative to the rest of the group."
f181.png,no,"there is nothing unrealistic in this image. The scene appears natural and proportionate, with smooth transitions between objects and no distorted areas."
f182.png,somewhat,The people on the right look unusually spaced and their shadows and outlines are unnatural. The trees' leaves and edges also seem slightly unnatural.
f183.png,yes,"The person's face looks distorted and unnatural; their hand and arm proportions appear unusual, and the objects around them seem inconsistent and out of scale."
f184.png,somewhat,"The fish's coloration and pattern appear unnatural and overly vibrant. The tail fins and edges look slightly distorted and unnatural, lacking the smooth transitions typical of real fish."
f186.png,yes,"The man in the center, wearing a white shirt, has an unusually long neck and distorted face, making the transition from the head to the shoulders look unrealistic."
f187.png,somewhat,"The clouds have an unnatural, overly smooth and artificial appearance, with exaggerated lighting and shadow transitions, making the scene feel slightly surreal."
f188.png,yes,"The dog’s face looks unnatural, especially the fur markings and jaw structure, making the transition between fur and skin look uneven and unrealistic."
f189.png,yes,"The faces of the two women in the foreground appear distorted and asymmetrical, which is not natural and suggests an AI-generated image or digital manipulation."
f19.png,no,"there is nothing unrealistic in this image. The people, clothing, and surroundings all appear natural and consistent."
f190.png,somewhat,"The fruits' colors are unnaturally bright and uniform, and the shapes of some tomatoes are slightly distorted, making them look artificial or digitally generated rather than real."
f191.png,yes,"The fish has an unusually sharp, geometric pattern and unnatural coloration, which looks artificial and does not blend naturally with the coral reef environment."
f192.png,somewhat,"The guitar’s neck appears unnaturally elongated, and the transition between the guitar body and fretboard looks slightly odd and not seamless, giving an unrealistic appearance."
f193.png,somewhat,"The transition between the middle person's shoulder and the background is slightly unnatural and the logo placement on the jersey seems inconsistent, making the image appear somewhat unrealistic."
f194.png,yes,The tacos look slightly unrealistic due to overly perfect and identical toppings and a little artificial appearance in the lighting and texture of the tortillas and meat.
f195.png,somewhat,"The transitions between people in the background are unnaturally sharp, and the facial features of the man in the foreground appear slightly distorted compared to the others."
f196.png,somewhat,"The motorcycle's front wheel and front forks look unusually large and misproportioned, giving the vehicle an unnatural and slightly distorted appearance compared to typical motorcycles."
f197.png,no,"there is nothing unrealistic in this image. The person’s suit, tie, and surroundings all appear natural and coherent."
f199.png,no,"nothing looks unrealistic in this image. The puppies appear natural, with smooth transitions and no distortions."
f2.png,no,"there is nothing unrealistic in this image. The scene looks naturally rendered, with smooth transitions and coherent architecture."
f20.png,somewhat,"The woman's hand and arm appear oddly shaped and unnaturally placed, and the transitions between the suits and the background lack smoothness, giving the image an unnatural feel."
f200.png,somewhat,"The labels on the pickles appear overly similar and the text is distorted and unreadable, which looks unrealistic for real product labels."
f201.png,no,"there is nothing unrealistic in this image. The arrangement of colored pencils is symmetrical and natural, with smooth transitions and no distorted or out-of-place elements."
f202.png,no,"there is nothing unrealistic in this image. The person, guitar, and microphone all appear natural and well-integrated."
f203.png,somewhat,"The chicken’s surface appears overly smooth and artificially rendered, lacking the natural skin texture and irregularities of a real roasted bird, making the transition between hand and chicken slightly unnatural."
f204.png,yes,"Yes, the building looks unrealistic. The structure is odd, with unusual overhangs, missing floors, and asymmetrical design, indicating it may be digitally manipulated or not an actual building."
f205.png,somewhat,"The arrangement and spacing of individuals appear unrealistic, as their arms and bodies blend awkwardly together. Many faces look unnaturally smooth and uniform."
f206.png,yes,"The figures in the image look unrealistic, with awkward arm positions, inconsistent body proportions, and unnatural transitions between individuals, giving the scene an artificial appearance."
f207.png,no,"there is nothing unrealistic in this image. The mountains, landscape, and lighting all appear natural and cohesive."
f208.png,yes,"The wooden truck looks unrealistic due to its strange shape and proportions. The wheels are oversized and awkwardly placed, and the body transitions oddly compared to real vehicles."
f209.png,somewhat,"The seagull’s orange feet look slightly unnatural and oddly colored, and the edge where the cliff meets the ground appears unevenly rendered, making the scene seem unrealistic."
f21.png,no,"there is nothing unrealistic in this image. The scenery looks natural, with appropriate trees, mountains, and weather conditions."
f210.png,yes,"The lizard’s body is warped and distorted, and its limbs appear unnaturally fused together, making the overall anatomy look unrealistic and unnatural."
f211.png,somewhat,"The red area on the front of the ship looks oddly shaped and lacks realistic naval equipment, making it appear inconsistent with the rest of the vessel."
f212.png,somewhat,"The shadows on the ground are uneven and don't match the direction and intensity of the overhead light, making the lighting appear inconsistent with the rest of the scene."
f213.png,no,"there is nothing unrealistic in this image. The sunset, reflections, and tree all appear natural and consistent."
f214.png,no,"there is nothing unrealistic in this image. The saxophone, hands, and background all appear natural and correctly proportioned."
f215.png,somewhat,"The road’s perspective and vanishing point are unusually symmetrical, making the distance and scale appear slightly artificial, as if digitally generated or overly smoothed."
f216.png,no,there is nothing unrealistic in this image. The rocky landscape and bright sun appear natural and consistent with a real desert scene.
f217.png,yes,"The cloud formations are unusually dramatic and overly smooth, with a sharp, unnatural transition between sky and landscape, suggesting digital alteration."
f219.png,somewhat,"The product names on the packages are distorted and unreadable, and the text placement appears inconsistent, which makes the products look unrealistic compared to real packaging."
f220.png,somewhat,"The skyline appears oddly proportioned and distorted. Some buildings are unrealistic, with strange shapes and inconsistent shadows. The bridge in the distance also appears unnaturally positioned."
f222.png,somewhat,"The perspective distortion makes the road look unnaturally straight and wide, and the horizon is slightly uneven. The shadows on the road appear odd and lack natural variation."
f223.png,no,"there is nothing unrealistic in this image. The waterfall, rocks, and water appear natural and consistent with real-world scenery."
f224.png,no,"there is nothing unrealistic in this image. The lighting, objects, and background appear natural and proportionate."
f225.png,yes,"The image appears unrealistic because the strawberries are unnaturally arranged in a perfect flower shape with a yellow center, and their texture and colors do not match a natural strawberry appearance."
f226.png,yes,"The hand placement and transition between fingers and chin look slightly unnatural, with the hand blending into the jawline in an unusual way, indicating possible AI generation."
f227.png,yes,"The front wheel and suspension area appear oddly shaped and misaligned, with unnatural proportions and unclear details, suggesting the car was digitally rendered or modified unrealistically."
f228.png,no,"there is nothing unrealistic in this image. The mountain range, clouds, trees, and foreground all appear natural and well-proportioned."
f229.png,somewhat,The perspective and transition between the houses and the hillside look unnatural; the buildings seem too evenly spaced and some rooftops have odd angles.
f23.png,yes,"The clouds have an unnatural, perfectly straight and uniform layered pattern, which does not occur naturally in the sky and looks digitally altered or AI-generated."
f230.png,no,there is nothing unrealistic in this image. The proportions and materials of the steps and pillars appear natural and consistent with a grand architectural design.
f231.png,somewhat,The water reflection is slightly unnatural—the ripples appear too perfect and the reflections lack the usual distortions one would expect in a narrow Venetian canal.
f232.png,no,"there is nothing unrealistic in this image. The food, people, and setting all appear natural and proportionate."
f233.png,somewhat,"The hand is gripping a red object that resembles a mug but has an unnatural transition into the brick wall, and its integration with the hand looks slightly odd."
f235.png,somewhat,"The bird’s wing positioning and the way its leg is planted on the rock look slightly unnatural, and the shadowing on the rock does not perfectly match the lighting direction."
f236.png,no,"there is nothing unrealistic in this image. The scenery, buildings, and natural elements all appear natural and coherent."
f237.png,somewhat,"The cheetah's face and markings look slightly unnatural, with overly sharp details and somewhat inconsistent shadows that make the animal appear less realistic than a real-life photo."
f238.png,no,"there is nothing unrealistic in this image. The cherry blossoms, trees, and pathway all appear natural and properly aligned."
f239.png,yes,"The transition between the snow and the porch is unnaturally smooth and uniform, and the snow on the roof and ground has an overly consistent and perfect texture."
f24.png,no,"there is nothing unrealistic in this image. The ocean, waves, ship, and horizon all appear natural and coherent."
f240.png,no,there is nothing unrealistic in this image. The house and its surroundings look natural and well-integrated.
f241.png,somewhat,"The number ""4"" appears distorted and unnatural compared to the rest of the cake. The edges of the number and the surrounding design look digitally generated or inconsistent."
f242.png,yes,"The food on the plate looks unusually cooked or textured and does not blend naturally with the plate or utensils, making it appear unrealistic compared to a typical meal setting."
f243.png,no,"there is nothing unrealistic in this image. The autumn trees, mountains, and road all appear natural and consistent."
f245.png,somewhat,"The transition between the hands and sleeves looks slightly unnatural and the shadows do not fully align with the lighting, which may indicate digital alteration."
f246.png,somewhat,"The road appears unnaturally sharp and lacks depth; the transition between the road and surrounding landscape is somewhat artificial, making the scene look slightly unreal."
f247.png,yes,"The giant pig sculpture appears unrealistic; the shape and proportions of the body and legs look odd, and the transition between the sculpture and the brick surface is not smooth."
f249.png,no,there is nothing unrealistic in this image; the scene shows realistic nighttime traffic with smooth transitions and appropriate lighting and shadows.
f25.png,yes,"Yes, the rider's arms are oddly shaped and blended into the motorcycle's body, making the connection between the rider and the vehicle look unrealistic and unnatural."
f250.png,somewhat,"The water in the hot tub looks unusually still and glassy compared to real spas, which usually show more turbulence and movement from jets and bubbles."
f251.png,yes,"The floodwaters in the image are unrealistic; the water appears very flat and lacks natural ripples or reflections, and there are oddly distorted shadows and lighting effects."
f253.png,somewhat,"The transition between the woman’s shirt and overalls appears slightly uneven, and the overall lighting seems inconsistent, making the scene look slightly unnatural."
f254.png,somewhat,"The fox's face appears slightly distorted, with unnaturally thick and exaggerated whiskers and a somewhat odd mouth shape, giving the image an unrealistic appearance."
f255.png,somewhat,"The flames and smoke transition into the sky in an unnatural way, and the intensity of the fire does not look consistent with the lighting and shadows of the scene."
f256.png,no,there is nothing unrealistic in this image. The setup appears natural and well-proportioned for an outdoor event.
f257.png,yes,"The objects in this image, such as the chairs, tables, and chandelier, have distorted shapes and unnatural proportions, making the scene look unreal and artificially generated."
f258.png,somewhat,"The bread or pastries in the lower left case look oddly shaped and inconsistent with the other items, which gives them an unnatural appearance."
f26.png,yes,"The hands of the person on the right are oddly shaped and merged unnaturally with their body, giving the image an unrealistic appearance."
f260.png,somewhat,"The hot air balloon’s color pattern appears artificially segmented with sharp, unnatural transitions between panels, making it look less realistic than a typical balloon."
f261.png,yes,"The handlebars and front of the bike appear unusually large and distorted, and the bike's frame and wheels have unnatural proportions, making the overall appearance unrealistic."
f263.png,yes,"The red outfit appears overly shiny and artificial, and the lighting and reflections on the leather suit look unnatural and inconsistent with a typical urban setting."
f264.png,yes,"The vegetables on the grill appear overly smooth and plasticky, and the colors look artificial; also, the lighting and shadows on the grates do not match the realistic grill lighting."
f265.png,somewhat,"The right arm and hand of the boxer on the right appear unnaturally elongated and distorted, making the punch look awkward and physically impossible."
f266.png,no,"there is nothing unrealistic in this image. The seagull's anatomy, colors, and flight posture appear natural and consistent with real-life birds."
f267.png,yes,"The baseball player's right arm and glove appear distorted and elongated, making the proportions unnatural and the transition between the arm and glove look unrealistic."
f268.png,yes,"The horse's right front leg looks unnaturally elongated and awkward, and the mane appears to blend oddly with the background, giving the image an unrealistic feel."
f269.png,yes,"The shark has an unnatural metal structure attached to its head, and its transition to the body is unrealistic. The tail also appears unnaturally shaped and not aligned properly."
f270.png,no,"there is nothing unrealistic in this image. The raccoon's appearance, the tree branch, and background all look natural and consistent."
f271.png,yes,"The giraffe's face appears oddly shaped, with asymmetrical ears and a distorted snout, making the proportions look unrealistic and unnatural for a real giraffe."
f272.png,somewhat,The transition between the pile of seeds in the foreground and the background is not smooth. The edges and shapes of the seeds also appear slightly distorted and uneven.
f273.png,yes,"The cow has unusually large, exaggerated horns and its overall body proportions look distorted compared to real cattle, which indicates the image is unrealistic."
f274.png,yes,"The muscles on the horse’s body look unusually exaggerated and unnatural, especially around the shoulders and thighs, which is unrealistic for real equine anatomy."
f275.png,no,"there is nothing unrealistic in this image. The lighting, tattoos, clothing, and microphone all appear natural and proportionate."
f276.png,yes,"The animal's face and eyes appear unusually sharp and detailed, which can look artificial and inconsistent with typical wildlife photographs. The transition between the fur and grass also looks slightly unnatural."
f277.png,yes,"Yes, the objects look unnatural; a lemon and pumpkin typically don’t grow together and the stems' transition to the fruit appears slightly artificial."
f278.png,yes,"The pig's body shape looks slightly unrealistic, especially the front legs and shoulders, which appear disproportionate and unnaturally smooth compared to typical pigs."
f28.png,no,"there is nothing unrealistic in this image. The building, water, and lighting all appear natural and consistent."
f280.png,yes,"Yes, the player’s legs and shorts have unnatural shapes and proportions, and there are awkward transitions between clothing items, making the scene appear unrealistic."
f281.png,yes,"Yes, the goalkeeper is wearing gloves but his hand positioning appears unnatural, as if the gloves are mismatched with the hand proportions, suggesting an artificial or edited look."
f282.png,yes,"The bear's fur is unnaturally smooth and shiny in places, and the legs transition too abruptly into the sandy surface, making the transition between animal and ground unrealistic."
f283.png,somewhat,"The image has an unnatural, overly smooth background that lacks texture and depth, which makes the scene look less realistic and potentially digitally altered."
f284.png,somewhat,"The fur pattern on the cheetah’s face appears overly smooth and unnatural compared to the rest of the image, and the ear shape is slightly odd, which looks unrealistic."
f285.png,somewhat,"The fingers on the hand holding the guitar look slightly unnatural, especially around the middle fingers, giving an unusual appearance."
f286.png,somewhat,"The otter's posture appears unnatural for a tree-dwelling animal, and the fur texture and lighting are overly smooth, making the scene look slightly artificial."
f287.png,yes,"The elephants' legs appear unnatural, with distorted shapes and uneven proportions, making the scene seem unrealistic despite otherwise plausible surroundings."
f288.png,yes,"The airplane's tail and wings are distorted and uneven, with unnatural angles and shapes, making the aircraft look unrealistic in its design."
f289.png,no,"there is nothing unrealistic in this image. The poses, lighting, and body proportions all appear natural and consistent with a real photograph."
f29.png,somewhat,"The reflections on the water are overly perfect and symmetrical, lacking natural ripples or distortions typically seen in real forest water, making it look slightly artificial."
f290.png,somewhat,"The way the tablet interacts with the hands and the arm positioning appears slightly unnatural, making the grip and interaction between objects look a bit off."
f292.png,yes,"Yes, the transition between the dress and the rails is unnatural. The fabric appears to flow unnaturally over and around the rails, lacking realistic interaction with the metal and gravel."
f293.png,no,"there is nothing unrealistic in this image. The lions, grass, and tree branches all appear natural and consistent with reality."
f295.png,somewhat,The fish’s scale texture and the way the fish is lit appear slightly artificial. The lighting transitions on the fish and underwater coral are somewhat inconsistent with a natural scene.
f297.png,yes,"The buildings’ architectural details and proportions look distorted, especially near the top, making the structure appear unrealistic compared to typical city architecture."
f298.png,somewhat,"The cow's face appears slightly distorted, with unnatural angles and transitions, making it look less realistic than typical cow features."
f299.png,yes,The suit and bow tie transition to the shirt in an unrealistic way; the lapel edges appear uneven and the tie shape looks unnatural. The hand area lacks realistic hand anatomy.
f3.png,no,"there is nothing unrealistic in this image. The ruins, arches, and green lawn all appear natural and consistent with an ancient monastery."
f301.png,somewhat,"The doll’s hand and arm proportions appear slightly unnatural, and the transition between the doll and the rug she’s sitting on is somewhat awkward."
f303.png,somewhat,"The player's hands appear oddly positioned and distorted around the football, and the text on the jersey looks slightly uneven and unnatural."
f304.png,somewhat,"The arm on the right is partially transparent and lacks realistic shadowing or texture, making it look unnatural and mismatched with the rest of the body."
f305.png,yes,"The graduate’s graduation gown appears unrealistically large and oddly shaped, particularly the cape section, and the way it flows and aligns with the body is not anatomically plausible."
f306.png,somewhat,"The bird's head and upper body have a smooth, almost unnatural transition into the neck, making its form look slightly unreal compared to typical avian anatomy."
f307.png,somewhat,"The transition between the man's shoulder and the background appears unnaturally sharp, and the lighting on the man's face looks slightly inconsistent with the rest of the scene."
f308.png,no,"there is nothing unrealistic in this image. The traditional dress, setting, and proportions all appear natural and consistent with a winter scene."
f309.png,somewhat,"The text on the athlete's jersey appears distorted and unrealistic, with unusual letter shapes and alignment that do not match real brands or designs. The overall face and body look natural otherwise."
f31.png,no,"there is nothing unrealistic in this image. The proportions, lighting, and textures all appear natural."
f310.png,yes,"yes, elephants are not typically found on sandy beaches like this. The environment looks unrealistic and not native to elephants, which makes the entire scene appear unnatural."
f311.png,yes,"The baseball player's jersey number is not fully visible or legible, making the number look unrealistic and distorted."
f312.png,no,"there is nothing unrealistic in this image. The golfer, clothing, and surroundings all appear natural and coherent."
f313.png,no,"there is nothing unrealistic in this image. The woman's appearance, clothing, and background all look natural and normal."
f314.png,no,there is nothing unrealistic in this image. The arrangement and appearance of the vegetables look natural and consistent.
f315.png,yes,The fish’s body transitions into an unrealistic pattern and coloration; the scales and textures do not appear naturally smooth or consistent with real fish.
f316.png,yes,"The transition between the tree trunk and the background appears unnatural and digitally altered, suggesting a possible manipulation or unrealistic placement."
f317.png,yes,"The butterfly appears unnaturally large compared to the child, making it seem unreal. Its wings also have an odd, exaggerated pattern not seen in real monarch butterflies."
f319.png,no,"there is nothing unrealistic in this image. The turtles appear natural, and their features, surroundings, and water texture look consistent and authentic."
f32.png,yes,"The architectural proportions and structure of the cathedral look distorted, with unnatural spacing and sharp angles between windows and spires, making the building appear unrealistic."
f321.png,yes,"The fish appears unrealistic, with an unnaturally smooth texture and unnaturally sharp, almost cartoon-like details, especially around the mouth and fins."
f322.png,no,"there is nothing unrealistic in this image. The people, dresses, and setting all appear natural and consistent with a real-life wedding photo."
f323.png,yes,"The wolf's head shape and eye area appear distorted and unnaturally symmetrical, suggesting digital manipulation or AI generation rather than a natural photograph."
f324.png,somewhat,"The image looks somewhat unrealistic because the transition between the subject’s clothing and body appears slightly unnatural, and the background blur is overly artificial."
f325.png,somewhat,"The burger patty looks unusually lumpy and uneven, lacking the typical smoothness of ground meat. The cheese appears unnaturally thin and draped in an odd way."
f326.png,yes,"Yes, the goats’ faces are slightly unnatural; the proportions and expressions do not look fully lifelike and blend into the background in an unrealistic way."
f327.png,no,"there is nothing unrealistic in this image. The scenery and person appear natural and well-integrated, with smooth transitions and accurate proportions."
f328.png,yes,"The player in red has an extremely distorted face with unnatural skin texture and features, making the transition from the body to the face appear unrealistic and digitally altered."
f329.png,somewhat,"The dog's face appears unusually distorted and slightly blurred, particularly around the eyes and muzzle, making it look unrealistic compared to the clearer rest of the image."
f33.png,somewhat,"The transition between the man's suit sleeve and his arm is unnatural, and the hand positioning in the pocket looks slightly odd and artificial."
f330.png,somewhat,"The front bumper and wing area appear slightly distorted and inconsistent with a real car design, suggesting an unrealistic rendering or possible image editing."
f331.png,yes,"The sausages have an unnatural, overly uniform color gradient and smooth texture, and their proportions look distorted and oddly shaped, which makes the scene appear unrealistic."
f332.png,yes,"The white robe's folds and ties look unnaturally smooth and rigid, with the fabric lacking the expected draping and texture typically seen on cloth garments."
f333.png,somewhat,"The flag's star appears overly large and unnatural compared to the other flag elements, making its size and placement seem unrealistic for a handheld flag."
f337.png,yes,"The bike’s front wheel and front fender look unusually large compared to the rest of the bike and rider, making proportions look unrealistic."
f338.png,somewhat,"The transition between the rider’s leg and the saddle area looks slightly unnatural and misaligned, making the fit of the riding gear appear unrealistic compared to a typical equestrian scene."
f339.png,somewhat,"The meatballs appear somewhat unrealistic due to the uniform and repetitive shape, texture, and arrangement, suggesting they might be digitally generated or AI-created."
f34.png,yes,"The hand holding the basket is unusually large compared to the rest of the body, making the proportions look unnatural and unrealistic."
f340.png,somewhat,"The tomatoes and spinach look slightly inconsistent in color and shape, and some edges blend unnaturally, suggesting slight digital manipulation."
f341.png,no,"there is nothing unrealistic in this image. The scene appears normal, with consistent proportions, lighting, and transitions between objects and people."
f342.png,yes,"The batter's bat is oddly angled and positioned unusually low, and the glove is placed unnaturally on the hand. The player’s posture and grip appear unrealistic."
f343.png,somewhat,"The person holding the flag is unusually large compared to the football players in the background, which suggests the scale might not be realistic for the scene."
f344.png,no,"there is nothing unrealistic in this image. The person, lighting, and clothing all appear natural and properly rendered."
f346.png,somewhat,"The water ripples and reflections appear overly smooth and artificial, lacking the natural distortion and texture typically seen on stones submerged in water."
f347.png,somewhat,"The animal's head and horns look a bit unusual and less natural than typical antelope or wildebeest, making the image appear slightly unrealistic."
f348.png,yes,"The faces and hands of the individuals appear unnaturally distorted, with uneven features and odd hand shapes, which is unrealistic and suggests image generation or editing issues."
f349.png,somewhat,"The oven’s digital display shows unreadable text, making the interface appear unnatural and inconsistent with real kitchen appliances, which typically display clear, legible numbers."
f35.png,yes,"The lizard's face and head are distorted and unrealistic, with unnatural textures and an odd jawline that doesn't blend properly with the body."
f350.png,somewhat,"The door's appearance is odd; the handle is oddly positioned and lacks proper integration, the door frame is misaligned, and the wooden texture on the door is inconsistent with the rest of the image."
f352.png,yes,"The guitarist’s right hand appears unnaturally distorted and elongated, and the guitar strings and fretboard have irregular transitions, suggesting possible digital editing or AI generation."
f353.png,somewhat,"The water reflections in the puddle look unnatural and overly smooth, with a glassy texture that does not mimic real water behavior, making it seem artificially rendered."
f354.png,somewhat,"The transition between the bride’s veil and dress appears slightly unnatural, with an awkward blending at the neck, and some faces and body proportions look slightly distorted."
f355.png,somewhat,"The perspective and alignment of the pink flower rows in the distance look slightly inconsistent and unnatural, as do the transitions between the paths and the flower beds."
f356.png,yes,"The grass around the dog appears unnaturally smooth and uniform, lacking natural variation and texture, which makes the scene look artificially generated."
f357.png,no,"there is nothing unrealistic in this image. The lighting, proportions, and background all appear natural and consistent."
f358.png,no,"there is nothing unrealistic in this image. The bear and background appear natural, with smooth transitions and no noticeable distortions."
f359.png,no,there is nothing unrealistic in this image. The pig and surroundings look natural and coherent.
f36.png,somewhat,"The right ear and head shape appear slightly asymmetrical and unnatural compared to typical elephant anatomy, which makes the image look somewhat unrealistic."
f360.png,somewhat,"The transition between the adult bison's head and the baby's is unnatural, and the proportions of the baby bison seem off, with the body appearing unusually thin and elongated."
f361.png,yes,"The vehicle appears unrealistic; the open trunk is filled with what looks like complex electrical equipment, which is unusual for a typical SUV and seems digitally rendered or added."
f362.png,yes,"The bird’s body and wings have unnatural proportions, and the legs look disproportionately small and misplaced, making the image look unrealistic overall."
f363.png,somewhat,"The motorcycle’s proportions and details, such as the engine and wheel spokes, appear slightly inconsistent and lack perfect symmetry, making parts of the bike look a bit unrealistic."
f365.png,yes,"The tennis balls in the image have a very fuzzy texture and some appear unusually elongated, which does not resemble real tennis balls."
f366.png,somewhat,"The green leaves appear slightly artificial and unevenly blended with the rest of the image, with some transitions lacking natural smoothness."
f367.png,yes,"The American flag is oddly shaped and distorted on the right pole, with the design not matching typical American flag proportions, making it appear unrealistic."
f368.png,yes,"The deer has unusually large, cartoonish ears and its face appears distorted, with an unnaturally large, overly bright snout and unnatural symmetry."
f369.png,somewhat,"The image appears digitally altered; the background and edges of the person in the foreground seem artificially smoothed and slightly distorted, giving the scene an unnatural appearance."
f37.png,yes,"The transition between the whale and the concrete surface is unrealistic, and the whale's body does not naturally interact with the solid ground."
f370.png,no,"there is nothing unrealistic in this image. The dog's posture, face, and surroundings all appear natural and normal."
f371.png,somewhat,"The arms and shoulders look overly large and unnaturally defined, which gives the impression of artificial muscle development rather than natural human anatomy."
f372.png,yes,"The dog's face appears overly smooth and symmetrical, with unnaturally even fur transitions, especially around the ears and nose area. The lighting and shadowing look slightly artificial."
f373.png,somewhat,"The transition between the arm and the red cape is slightly unnatural and the fabric folds look overly smooth, which might indicate digital alteration."
f374.png,somewhat,"The bike's front wheel appears unnaturally large relative to the rider, and the rider's body position looks slightly awkward for a BMX trick."
f375.png,no,"there is nothing unrealistic in this image. The tiger's fur, stripes, and proportions all appear natural and correctly formed."
f378.png,yes,"The player's jersey has distorted, mismatched text and logo that does not look natural for an official sports uniform, which appears unrealistic."
f38.png,somewhat,"The liquid in the glass appears slightly unevenly blended with a distinct color separation, and the edge between the liquid and the glass has an unnatural, pixelated transition."
f380.png,somewhat,"The person's hands and tablet appear unusually large and proportionate in a way that looks digitally altered, with slightly unnatural shadows and edge transitions."
f381.png,no,"there is nothing unrealistic in this image. The snail, road, and lighting all appear natural and plausible."
f382.png,yes,"The hands and arms of the player in blue appear distorted and unnaturally merged with the body, creating an unrealistic transition between objects."
f383.png,somewhat,"The necklace’s gold detailing and its connection to the collar seem unusually heavy and overly detailed, making the proportions look slightly unrealistic compared to typical traditional jewelry."
f384.png,yes,The camel's posture and body structure are unnatural; it looks odd for a camel to sit down like that on sand and appear so muscular compared to the rider.
f385.png,no,"there is nothing unrealistic in this image. The children, clothing, and background all appear normal and coherent."
f386.png,yes,"The trophy appears disproportionately large for the boy's size and the proportions between the trophy, boy, and man look unnatural. The hands also seem oddly shaped."
f387.png,somewhat,"The hands and arms of the people appear slightly unnaturally blended into their dresses, with unnatural color blending and lack of clear, defined hand edges, making transitions look awkward."
f388.png,somewhat,"The hand placement on the laptop keyboard looks slightly unnatural, and the transition between the arm and clothing seems inconsistent, making the interaction with the device look somewhat unrealistic."
f389.png,somewhat,"The strawberry looks unusually smooth and lacks natural texture or imperfections, which is unrealistic for real strawberries."
f39.png,somewhat,"The train's front design appears unrealistic—the lighting and logo look odd and digitally generated, and the platform and building structure blend unnaturally."
f390.png,yes,"The people's proportions and anatomy look distorted, especially the man’s upper body and arm placement, and the woman on the right has unnaturally shaped legs and waist, making the image appear unrealistic."
f392.png,somewhat,"The crowd density appears unnaturally high, making the people seem compressed and almost identical in size, which is uncommon in real-life public gatherings."
f393.png,no,nothing looks unrealistic in this image. The motorcycle and background both appear normal and natural.
f397.png,no,"nothing looks unrealistic in this image. The snail’s shell, body, and environment appear natural and consistent."
f398.png,yes,"The sand appears unnaturally smooth and the footprints look distorted and oddly shaped, suggesting artificiality or manipulation, making the beach setting seem unrealistic."
f399.png,somewhat,"The flowers look unnaturally uniform and the trees' branches appear overly thick and symmetrical, creating an artificial, overly picturesque landscape rather than a realistic natural scene."
f4.png,somewhat,"The buildings' structures are inconsistent, and the plants and windows look artificially generated, lacking natural depth and integration with the environment."
f400.png,yes,"The player's legs and torso have odd angles, and the hand positions look unnatural. The transition between limbs is not smooth, making the pose look unrealistic."
f401.png,somewhat,"The transition between the hands and the keyboard appears slightly unnatural, and the fingers' placement looks odd, suggesting an unrealistic proportion or positioning."
f402.png,somewhat,"The potted plants' shadows and reflections are slightly unnatural, and the wood textures on the front porch appear overly smooth and uniform, lacking realistic wear or variation."
f403.png,no,"there is nothing unrealistic in this image. The parrot's colors, beak, and feathers all appear natural and accurately rendered."
f404.png,somewhat,"The couch has an odd, disproportionate appearance—particularly the armrests and back, which look unnaturally shaped and not fully aligned, giving the piece an unusual and slightly unnatural look."
f406.png,somewhat,"The bright starburst effect from the sun is overly intense and unrealistic, and the transition between the sun's rays and the person's body looks unnaturally blended."
f407.png,no,"there is nothing unrealistic in this image. The log cabin, mountains, and grass all appear natural and well-proportioned."
f408.png,somewhat,"The bright, unrealistic sun flare and unnatural shadows in the background, along with people's poses and shadows appearing slightly distorted, suggest some level of unrealistic image rendering."
f409.png,no,"nothing in this image appears unrealistic. The house, driveway, plants, and surroundings all look natural and coherent."
f41.png,somewhat,The player's arm position and the shape of the football look slightly unnatural; the transition between the arm and shoulder also appears slightly awkward.
f410.png,somewhat,"The right hand of the guitar player looks oddly distorted and the positioning of the guitar's neck and strings appears unnatural, suggesting possible digital editing artifacts."
f411.png,somewhat,"The text on the player's jersey appears slightly warped and unnatural, and the overall image resolution looks artificial, which makes the scene somewhat unrealistic."
f413.png,somewhat,"The guitar’s body has unnatural, uneven contours near the neck and an oddly shaped body. The hand and fingers also appear slightly distorted and not proportionate."
f414.png,somewhat,"The concentric circular tracks in the dirt field look artificial and unnaturally perfect, suggesting they were created digitally rather than naturally formed."
f415.png,somewhat,"The baby’s shoes and socks look unusual and oddly placed, with mismatched proportions and awkward positioning, making them appear unrealistic compared to the rest of the image."
f416.png,somewhat,"The plants and soil look oddly spaced and uneven, with an unnatural pattern in the rows, making the field layout appear artificial rather than naturally cultivated."
f417.png,somewhat,"The dress's bottom layer transitions oddly, and the fabric's texture looks slightly unnatural compared to typical real dresses."
f418.png,yes,"The spoon appears unrealistically elongated, and its handle doesn’t align properly with the child’s mouth or arm. The transition between the spoon and hands looks unnatural."
f419.png,somewhat,"The ceiling fan appears slightly warped and misaligned, with an unnatural shadow pattern and a blurred fan blade design that lacks realistic detail."
f42.png,yes,"A dolphin is not realistically located in a swimming pool, as wild dolphins do not typically appear in residential swimming pools without context. The setting looks unreal."
f420.png,somewhat,"The shadows on the church are overly sharp and inconsistent with the sunlight direction, and the transition between the trees and the church roof looks slightly unnatural."
f421.png,somewhat,"The leftmost person's right hand appears slightly distorted and unnatural, with an awkwardly shaped and partially missing palm area. The proportions look off and unrealistic."
f422.png,yes,"The room's proportions look odd, with the seating arrangement and fireplace position appearing unnatural, suggesting an unrealistic layout."
f423.png,somewhat,"The proportions and arm positions look slightly odd, and the hands and tattoos on the middle person have a strange appearance, which gives the image an unrealistic feel."
f424.png,somewhat,"The proportions and symmetry between the bags and the small wallet are off; the wallet appears unusually large compared to the bags, making their scale seem unrealistic."
f425.png,yes,"The logo and grille on the car look unnatural and oddly shaped, not matching typical automotive design, indicating something is unrealistic."
f426.png,yes,"The woman's neck area looks unnatural, as if there is an unnatural transition to the shoulder. The neck appears elongated or oddly shaped compared to the rest of the body."
f427.png,no,"there is nothing unrealistic in this image. The window, bricks, and lighting all appear natural and consistent."
f428.png,yes,"Yes, the lighting is unrealistic. The castle on the hill appears almost artificially bright, and the lightning bolt's illumination is overly sharp and uniform, lacking natural diffusion."
f429.png,no,"there is nothing unrealistic in this image. The scene looks natural and realistic, with no obvious distortions or unnatural transitions."
f43.png,somewhat,"The meatballs look somewhat unnatural with odd textures and slightly mismatched proportions compared to typical meatballs, making the dish appear slightly unrealistic."
f430.png,somewhat,"The flowers in the center appear slightly blended and not naturally positioned within the vases, making the overall composition look less realistic and slightly artificial."
f431.png,somewhat,"The face appears slightly distorted and the lighting on the eyes is unusual, making the expression and shadows look a bit unnatural."
f433.png,yes,"The hands and fingers of the woman at the podium appear unnatural, with oddly shaped and slightly distorted proportions, which makes the image seem unrealistic."
f435.png,no,"there is nothing unrealistic in this image. The wheel, brakes, and car body all appear natural and proportional."
f436.png,no,"there is nothing unrealistic in this image. The person, clothing, and background all appear natural and consistent."
f437.png,somewhat,"The mushroom appears unusually large compared to its surroundings, and the cap is excessively smooth with an unnatural sheen, making it look slightly artificial."
f439.png,no,there is nothing unrealistic in this image. The eagle and its surroundings appear natural and well-proportioned.
f440.png,somewhat,"The river appears unusually smooth and flat compared to natural water, and the gravel bank seems oddly uniform in shape and texture, which is not typical for a riverbed."
f441.png,no,"there is nothing unrealistic in this image. The scene appears normal, with natural lighting, smooth transitions, and plausible details."
f442.png,yes,"The hands and fingers appear unusually distorted and merged, and the way the hands connect to the arms is unnatural and lacks realistic proportions or transitions."
f443.png,somewhat,"The muscles on the arm look unusually defined and disproportionate compared to a normal human build, which seems unnatural for a person standing outdoors."
f445.png,somewhat,"The sun is unnaturally bright and appears overly luminous, casting unrealistic glare. The transition between sky and mountains also seems artificially smooth, lacking natural gradients."
f446.png,somewhat,"The stars have unrealistic, overly sharp and bright halos and the galaxy’s spiral structure appears oddly smooth, lacking natural depth and variation typical of actual galaxy images."
f447.png,yes,"The hands and arms of the two women look oddly merged, especially at the wrists where the transitions between the limbs are not smooth, giving the image an unrealistic appearance."
f448.png,somewhat,"The miniature mosque model has unusually sharp, unnatural edges on the domes and minarets, and the proportions of the windows and doors appear inconsistent, making it look somewhat artificial."
f449.png,somewhat,"The child’s right arm appears unusually thin and oddly shaped, and the way the hand grips the soccer ball looks unnatural, lacking realistic hand detail or proportion."
f45.png,somewhat,"The face transitions between the man and the children appear slightly unnatural and distorted, especially around the hands and arms. The children's features also seem a bit inconsistent."
f450.png,somewhat,"The mouth and tongue of the dog look slightly unnatural—the tongue is oddly shaped and positioned, and the transition between the teeth and tongue appears artificial."
f452.png,no,"there is nothing unrealistic in this image. The sunset, clouds, and landscape all appear natural and coherent."
f453.png,no,there is nothing unrealistic in this image. The wheat stalks and grains look natural and consistent with real-life appearances.
f455.png,yes,"The water’s smoothness and motion blur appear unnatural; the transition between water and sand lacks typical wave patterns, giving the scene an overly artificial look."
f456.png,somewhat,"The text on the volleyball appears distorted and unrealistic, as if incorrectly generated, and the ball's colors and seams do not match typical volleyball design."
f457.png,somewhat,"The hand placement and arm proportions look slightly unnatural, and the transition between the wrist and upper arm is not smooth, indicating some unrealistic elements."
f458.png,no,there is nothing unrealistic in this image. The soup and garnish look natural and the bowl and lighting appear typical.
f459.png,somewhat,"The tablet case appears oddly shaped and inconsistent with the tablet’s typical design, making the interaction look slightly unnatural and the transition between case and tablet somewhat awkward."
f46.png,no,"nothing looks unrealistic in this image. The sausages have natural appearance and consistent texture, with realistic lighting and shadowing."
f460.png,somewhat,"The almonds appear arranged unusually precisely into a heart shape, which is unlikely in a natural setting, making the composition look slightly artificial."
f461.png,yes,The structure looks highly artificial and does not resemble any known real object. The shape and support wires look inconsistent with actual engineering or natural structures.
f462.png,yes,The oversized toy carrot and the oversized gardening fork in the foreground look unrealistic and out of scale compared to the child and the shovel.
f463.png,no,nothing looks unrealistic in this image. The house and surroundings appear natural and proportionate.
f464.png,yes,"The woman's right arm is unnaturally positioned and her right hand appears to merge with the horse's halter, lacking clear joint definition or smooth transition."
f465.png,yes,"The dress fabric looks unrealistically stiff and shiny, with unnatural folds and a slightly distorted body contour, making the clothing and model appear somewhat artificial."
f466.png,yes,"The guitar appears unrealistic, with an odd shape and transition between the neck and body, making the instrument look artificial and not typical."
f467.png,somewhat,"The horse’s harness is unrealistic, with oddly shaped straps that look inconsistent with real harness designs, making the setup appear artificial."
f469.png,somewhat,"The wooden beams and structures around the building look slightly inconsistent in size and placement, and the transition between the building and its shadowing is not perfectly natural."
f47.png,no,"there is nothing unrealistic in this image. The forest, wooden path, and surroundings all appear natural and consistent."
f471.png,yes,"The person’s face looks unnatural and distorted, lacking clear facial features and symmetry, which is not realistic for a human face."
f472.png,somewhat,"The proportions and alignment of the wooden beams and window trusses look slightly odd, creating an unusual perspective and symmetry that seems slightly unnatural compared to a real church interior."
f473.png,yes,"The plants' growth and distribution look unnatural and inconsistent, with some areas lacking vegetation while others have dense clusters, which is uncommon in typical gardens."
f474.png,no,"there is nothing unrealistic in this image. The scene appears natural, with smooth transitions and normal object placements."
f475.png,yes,"The snowmobile appears unusually small and its shape looks distorted and unrealistic, especially the front structure and handlebars, which do not match typical snowmobile designs."
f476.png,no,"there is nothing unrealistic in this image. The boat, water, and dock appear natural and proportionate."
f477.png,somewhat,"The transition between the guitar and the player's left hand looks slightly unnatural, and the text on the drum head is distorted, making these elements appear unrealistic."
f478.png,somewhat,"The candle's wax appears unusually smooth and uniform, especially around the wick area, lacking natural imperfections, which makes it look slightly unrealistic."
f48.png,no,"there is nothing unrealistic in this image. The scenery, water, and reflections all appear natural and coherent."
f480.png,yes,"The hand holding the ball appears unusually elongated, and the player's fingers look unnatural and merged with the ball, making the grip look unrealistic and poorly rendered."
f49.png,yes,"The lighting on the face of the man in the center appears uneven, with overly bright areas and odd shadows. The transition between his shoulder and arm to the jacket looks unnatural and slightly mismatched."
f5.png,no,"there is nothing unrealistic in this image. The musician, guitar, and stage setting all appear natural and plausible."
f50.png,yes,"The butterfly’s colors transition unnaturally and its proportions appear exaggerated compared to real butterflies, especially around the wing edges where the pattern is not anatomically accurate."
f51.png,somewhat,"The dog's body looks slightly distorted, especially near the legs, and the grass texture around its body seems uneven and unnatural."
f52.png,yes,"The text on the player's jersey is distorted and not readable, which is unrealistic for a real football uniform where text would be sharp and legible."
f54.png,no,"there is nothing unrealistic in this image. The students' clothing, medals, and overall appearance all appear natural and consistent with a real-life graduation scene."
f55.png,somewhat,"The arrangement and proportion of the otter faces appear slightly unnatural and merged together, making their transition look odd and artificial."
f56.png,yes,"The bird's body and tail feathers look unnatural and poorly defined; the transition between the body and legs is not smooth, and the feet lack realistic detail."
f57.png,somewhat,"The woman's face appears slightly distorted, with unusual jawline and mouth area, which suggests possible AI generation or image manipulation."
f58.png,yes,"The black smoke clouds have unnatural shapes and colors, appearing digitally generated or overly sharp, and the overall image lacks natural depth and shadowing."
f59.png,no,"there is nothing unrealistic in this image. The bird, tree, and background all appear natural and appropriately detailed."
f6.png,no,"there is nothing unrealistic in this image. The boat, sand, and water all appear natural and appropriately detailed."
f60.png,yes,"The eyes are unusually large and intense, and the fur texture looks unnaturally smooth. The facial proportions, especially around the nose, appear slightly off."
f61.png,yes,"The dog’s head in the pool is unusually large and unnaturally shaped compared to typical dogs, making the scene look unrealistic despite otherwise normal surroundings."
f62.png,somewhat,"The butterfly's wings have an unusually sharp and defined pattern, which may appear slightly unnatural compared to typical wing texture and color gradient."
f63.png,yes,"The reflection on the water is overly smooth and unrealistic; trees and land features do not appear naturally distorted, indicating an AI-generated or digitally edited scene."
f64.png,somewhat,"The stone arch gate appears unusually large and out of proportion with the surrounding trees, which may look artificial or digitally altered."
f66.png,no,"there is nothing unrealistic in this image. The plants, paths, and background all appear natural and well-integrated."
f67.png,somewhat,The snow accumulation on the road is inconsistent and the transition between snow-covered areas and the bare ground looks artificial and unnatural.
f68.png,somewhat,"The palm leaves at the top look oddly blended and lack natural edges, and the pool’s reflection is unnaturally perfect compared to the scene’s realism."
f69.png,somewhat,"The dragon's anatomy is unrealistic, particularly the unnatural transition between its wing and body, and its leg structure is unusual for a real animal."
f7.png,yes,"The eagle's body appears distorted and oddly shaped, particularly around the chest and tail area, giving the bird an unnatural, asymmetrical appearance."
f70.png,somewhat,"The man's body appears unusually proportioned, especially the torso, which looks unnaturally bulky and muscular compared to his upper limbs, and the transitions between the arm and torso are slightly unnatural."
f71.png,yes,"The flowers appear unusually vibrant and saturated, and the light transition from sunset is overly dramatic and uniform, making the image look synthetic or digitally enhanced."
f72.png,yes,"The curved path appears unnaturally exaggerated and smooth, which does not match the realistic, uneven nature of typical rural roads or pathways."
f73.png,somewhat,"The window reflections appear unusually uniform and artificial, lacking natural outdoor details, which makes the windows look slightly unrealistic."
f74.png,yes,"The pink sphere's surface has an unnatural, overly uniform appearance with unrealistic reflections, making it look synthetic or computer-generated, unlike a real beach ball."
f75.png,somewhat,"The perspective distortion and unusually smooth, evenly shaped rocks look unnatural and inconsistent with typical forest terrain. The path's transitions are also overly uniform and artificial."
f77.png,no,"there is nothing unrealistic in this image. The wind turbines, crops, and barn appear natural and well integrated."
f78.png,yes,"The deer is standing on the road with its legs in an awkward, unnatural position, which looks unrealistic and not like a real animal in motion."
f79.png,somewhat,"The treehouse and ladder appear somewhat unnaturally positioned, and the perspective of the children on the stairs and the slide is slightly off, making transitions between objects look less smooth."
f8.png,yes,"The red ropes and their integration with the businessman’s suit, as well as the unusual suspension method with rings on the tie, appear unrealistic and oddly composed."
f80.png,somewhat,"The food items, particularly the fried items and salad, appear overly perfect and digitally rendered. The transition between the plate and the blurred background also looks artificial."
f81.png,no,"there is nothing unrealistic in this image. The scene, cars, and buildings all appear normal and consistent with a typical urban street."
f82.png,somewhat,"The stone building's doorway appears unusually small and slightly distorted in perspective compared to the rest of the scene, making the scale transition unrealistic."
f83.png,somewhat,"The transition between heads and shoulders appears somewhat unnatural and repetitive, making some faces blend together unnaturally, suggesting digital alteration."
f84.png,somewhat,"The antlers on the deer appear to merge unrealistically in the center, and their snouts seem oddly aligned, creating a sense of awkward positioning that looks unnatural."
f85.png,no,"there is nothing unrealistic in this image. The players, field, and bridge all appear natural and coherent."
f86.png,yes,"The ""meat"" in the basket is highly unrealistic; it has unnatural shapes, irregular layers, and appears to be digitally altered or AI-generated, not real sliced meat."
f87.png,no,"there is nothing unrealistic in this image. The road, trees, building, and shadows all appear natural and consistent with a typical scenic countryside view."
f88.png,somewhat,"The transition between the leaves on the ground and the path is unusually sharp and unnaturally clean, lacking the typical blending of soil, dirt, and debris often found on forest paths."
f89.png,yes,"The gorilla’s arm and hand positions appear unnatural and awkward, with distorted anatomy and lack of realistic muscle and skin texture, making it look digitally altered or unrealistic."
f9.png,somewhat,"The trees' leaves on the right side look unusually thick and uneven, and the transition between the pool deck and the fence seems slightly unnatural, giving an overall artificial appearance."
f91.png,yes,"Yes, the rabbits' proportions are distorted; their faces and limbs look unnaturally elongated and misshapen, which makes the scene appear unrealistic."
f92.png,yes,"Yes, the bear’s face looks slightly distorted, especially around the nose and mouth area, which appears uneven and unnatural compared to a real bear."
f93.png,somewhat,The water appears unnaturally greenish and has a strange transition to the concrete edge. The flow of water seems unrealistic along the structure.
f94.png,somewhat,"The tent-like structure is unusually shaped and has a smooth, metallic finish that doesn't look like typical outdoor camping gear. Its placement and scale appear odd in this outdoor setting."
f95.png,yes,"The transition between the bicycle and the man's body looks slightly unnatural, and the overall scene has an unrealistic depth and lighting that does not match typical outdoor urban environments."
f96.png,yes,"Yes, the black cat has unusual blue eyes and odd, uneven markings that look unrealistic. Additionally, its facial structure appears distorted and unnatural."
f97.png,no,there is nothing unrealistic in this image. The scene with pelicans flying and swimming in water looks natural and coherent.
f98.png,yes,"The transition between the people and the grass is unnaturally sharp, the trees appear distorted in shape and color, and some people’s heads look oddly elongated and misshapen."
f99.png,yes,"The player's left sock and foot appear unnaturally large and disproportionate, making the lower body look distorted and unrealistic."
r1.png,yes,"The birds' faces are oddly distorted, and their beaks appear fused together, making it seem like the birds are merging unnaturally. The transition between the faces is also not smooth."
r10.png,yes,"The people's faces are blurred and distorted, making it look unrealistic. The lighting also appears uneven and unnatural compared to a real sunset scene."
r100.png,yes,"The person’s hand and face blending with flowers looks unreal; the transition is unnatural, suggesting the image may be digitally altered."
r102.png,somewhat,"The biscuits are somewhat unusually shaped and have inconsistent textures, suggesting digital creation or manipulation, rather than natural variation in real snacks."
r103.png,yes,"The banjo's body appears unnatural; the head is disproportionately large and lacks the typical curvature and wood texture of a real banjo, making it look unrealistic."
r104.png,no,"there is nothing unrealistic in this image. The car's design, including the chrome trim and the figurehead ornament, appears natural and coherent."
r105.png,no,"there is nothing unrealistic in this image. The display appears normal with time, temperature, and date correctly shown, and no visible distortions or unnatural transitions."
r106.png,yes,"The neon numbers surrounding the clock are distorted and not following the typical circular arrangement, making the overall composition look unrealistic."
r107.png,somewhat,"The transition between the dog's fur and the background is unusually sharp and smooth, giving an almost unnatural appearance to the edges where the dog meets the floor."
r108.png,somewhat,"The moon's orange hue is highly unrealistic for a full moon, as it typically appears white or yellow, not a warm orange glow. This coloring appears artificial."
r109.png,yes,"The dog’s body transitions unnaturally into the background, with odd lighting and a blurry, inconsistent texture where the fur meets the shadows."
r11.png,no,"there is nothing unrealistic in this image. The fishing scene, clothing, and objects appear natural and consistent with a real environment."
r110.png,no,"there is nothing unrealistic in this image. The bar, reflection, and surroundings all appear natural and coherent."
r112.png,yes,"The lighting is overly saturated and unrealistic, particularly the exaggerated bright green grass and the unnatural darkening around the horse, which gives an artificial appearance to the scene."
r113.png,no,"there is nothing unrealistic in this image. The dashboard display appears normal, and all text and readings are consistent with a vehicle's odometer and temperature gauge."
r114.png,no,"there is nothing unrealistic in this image. The egg tarts look natural, with smooth jelly-like filling and crisp pastry edges, and the lighting and shadows are consistent."
r115.png,yes,"The hand emerging from the bottom with flames shooting upward is unrealistic, as it looks like digitally merged graphics rather than an actual hand."
r116.png,yes,"The arm and shoulder area are oddly merged and disproportionate, and the lower portion lacks natural transition or anatomical consistency."
r117.png,somewhat,"The jellyfish in the image look somewhat unrealistic, especially the leftmost one, which has an unusually smooth and slightly artificial outline compared to real jellyfish."
r118.png,yes,"The moon appears unnaturally bright against a very dark background, with overly sharp and unrealistic shadows. The lighting transition around the moon is unnatural, making it look artificial."
r119.png,no,there is nothing unrealistic in this image. The camper van and surroundings appear natural and typical for an outdoor setting.
r12.png,somewhat,"The animal’s face and ears appear slightly unnatural and merged with the surroundings, and the body’s transitions into the grass look irregular and digitally altered."
r120.png,somewhat,"The transition between the dog’s head and body appears slightly unnatural and blurred, making the separation look awkward and inconsistent with the rest of the image."
r13.png,yes,"The geckos' bodies look oddly elongated and the patterns on their backs are unnatural and inconsistent, making the overall image appear unrealistic."
r14.png,no,there is nothing unrealistic in this image. The helicopter and its details appear natural and coherent with the background.
r15.png,no,"there is nothing unrealistic in this image. The buildings, plants, and pathways all look natural and proportionate."
r16.png,no,"nothing looks unrealistic in this image. The apples, leaves, and sky all appear natural with smooth transitions and realistic colors."
r18.png,no,"there is nothing unrealistic in this image. The tombstone, trees, and autumn leaves all appear natural and consistent."
r2.png,somewhat,"The buildings appear slightly unnatural in perspective, and there is a strange green area in the middle of the waterfront that looks inconsistent with the surroundings."
r20.png,yes,"The shadow cast by the glass is inconsistent and appears unrealistic for the lighting, suggesting an unnatural or digitally altered image."
r21.png,somewhat,"Some blueberries have an unnatural purple and pink coloration, which is not typical, suggesting possible editing or an unrealistic depiction of the fruit's ripening stage."
r22.png,somewhat,"The boat appears slightly unnatural, with uneven, odd-shaped edges, making its structure seem artificially distorted rather than naturally constructed."
r23.png,somewhat,"The transition between the yacht's hull and the dock appears slightly unnatural, with a lack of realistic shadow or reflection that would typically occur where the ship meets the ground."
r24.png,somewhat,"The building's integration with the stone wall and water is a bit unrealistic, with uneven transitions and a slightly odd shadowing pattern on the structure."
r26.png,no,"there is nothing unrealistic in this image. The butterfly's colors, wings, and surrounding foliage all appear natural and coherent."
r27.png,no,"there is nothing unrealistic in this image. The trees, rock formations, and background mountains all appear natural and consistent."
r28.png,no,"there is nothing unrealistic in this image. The building's architecture, lighting, and shadows all appear natural and consistent."
r30.png,yes,"The transition between buildings is unnaturally smooth in places, some roofs have inconsistent angles, and the perspective distortion in the church makes the structures appear awkwardly aligned."
r31.png,somewhat,"The transition between the rock face and the sky appears unnatural, and the shadowing and edge details of the rock look overly smooth, giving the scene an artificial, digitally altered appearance."
r32.png,somewhat,"The clothespins' colors appear overly saturated and inconsistent with natural materials; transitions between wood and paint look unnatural, and shadows lack realistic variation."
r33.png,no,"there is nothing unrealistic in this image. The Colosseum appears naturally illuminated against the evening sky, and all details align correctly with the real structure."
r34.png,somewhat,"The colors of the autumn leaves appear overly vibrant and inconsistent with natural transitions, and the house’s shadows and lighting look slightly artificial and do not match the environment."
r35.png,no,"there is nothing unrealistic in this image. The cow's appearance, including its face and ears, looks natural and believable."
r36.png,no,"there is nothing unrealistic in this image. The colored pencils are evenly spaced, and everything appears natural and well-proportioned."
r37.png,somewhat,The dandelion heads and stems look slightly unnatural; the flowers are overly symmetrical and lack realistic detail and variation often found in nature.
r39.png,somewhat,"The alarm clock appears overly sharp and perfectly reflective compared to the soft, blurry background, suggesting a potential blending issue or digital manipulation."
r4.png,no,"there is nothing unrealistic in this image. The bridge, trees, and people all appear natural and proportionate."
r41.png,no,there is nothing unrealistic in this image. The fish and surroundings look natural and consistent with a real aquarium setting.
r43.png,yes,"The dolphin appears unnaturally translucent and its body structure is odd with unnatural edges, especially around the neck and shoulders, making the image look unrealistic."
r44.png,yes,"The butterfly's wings have an unnatural and distorted appearance, with an unnatural blending of colors and shapes, making the wings look unrealistic compared to a real butterfly."
r46.png,no,"nothing looks unrealistic in this image. The Eiffel Tower, sky, and surrounding scenery all appear natural and proportionate."
r47.png,no,"there is nothing unrealistic in this image. The elephant, background, and environment all appear natural and consistent with a savannah scene."
r48.png,no,"nothing looks unrealistic in this image. The plants, pots, and their surroundings all appear natural and smoothly blended."
r5.png,somewhat,"The butterfly’s wing shapes look unnaturally distorted and partially blurred, which is not realistic for a clear photograph of a flying insect."
r51.png,somewhat,"The jet appears overly smooth and lacks the typical surface texture, wear, or manufacturing details expected on real aircraft. The wing and fuselage junction also looks unusually clean."
r52.png,somewhat,"The flamingos have an unusual pink hue and their legs and bodies seem oddly shaped, and the transitions between their forms are not smooth, making some areas appear artificial."
r53.png,somewhat,"The forest appears unusually uniform with repetitive, almost identical tree trunks, and the moss coverage looks overly dense and even, which looks artificial and slightly unrealistic."
r54.png,yes,"The corn kernels on both ears of corn are oddly uniform and too smooth, lacking natural variation, which makes them look artificially rendered rather than real."
r55.png,yes,"Yes, the image looks unrealistic because the frog is carrying a stack of papers and a calculator, which is impossible for a real frog to do."
r57.png,yes,"The giraffe's face is unnaturally distorted, and the transition between the giraffe and the sky in the background looks artificial and mismatched."
r58.png,somewhat,"The laptop screen appears unusually bright and reflects an unrealistic color, and the person’s fingers do not appear to naturally interact with the device."
r59.png,somewhat,"The grapes look overly uniform and unnaturally glossy, and the background blur and transitions between leaves and branches are not perfectly realistic, making the image slightly unrealistic."
r6.png,no,"nothing looks unrealistic in this image. The bird, cactus, and flowers appear natural and proportionate."
r60.png,somewhat,"The burger in the foreground looks slightly off; the cheese and basil appear unnaturally fused, and the bun shape looks irregular compared to the other burger."
r61.png,somewhat,"The balls appear unnaturally perfect and symmetrical, which is unlikely for naturally worn stones. The transition between the balls and the ground also looks slightly artificial."
r62.png,somewhat,"The headphone cable transitions awkwardly into the headband, and the gold plug looks slightly out of proportion, suggesting some unnatural blending in the design."
r65.png,somewhat,"The balloon designs appear slightly uneven and inconsistent, and some of the patterns and colors blend in unrealistic ways, giving the image an artificial or computer-generated look."
r66.png,somewhat,The chocolate piece inserted into the ice cream appears oddly fused and lacks realistic texture or depth compared to the smooth swirls around it.
r67.png,yes,"The snow-covered mountains in the background appear unusually smooth and artificial, lacking natural ruggedness or detail, making the landscape look unrealistic."
r69.png,somewhat,"The birds' faces appear slightly distorted and unnatural in proportion, and their positioning on the branch looks a bit uneven and unrealistic compared to natural behavior."
r7.png,no,"there is nothing unrealistic in this image. The scene, objects, and proportions all appear natural and normal."
r71.png,no,"there is nothing unrealistic in this image. The ladybug and the flower appear natural, with smooth transitions and normal details."
r72.png,somewhat,"The leopard's face looks slightly unnatural; its ears appear unnaturally large, and the proportions and edges around its head blend oddly with the tree."
r73.png,somewhat,"The flower’s stamens appear overly exaggerated and slightly blurred, making the transition between the petals and the stamens seem unnatural and unrealistic compared to real lily flowers."
r74.png,somewhat,"The logo ""Mak"" and number ""545"" on the locomotive appear somewhat unrealistic, with odd positioning and text rendering that doesn't match standard rail vehicle labeling."
r75.png,somewhat,"The top of the pyramid looks unnaturally smooth compared to the rest, which is otherwise stone-like. Also, the shadows and textures appear overly consistent and lack natural variation."
r76.png,no,"there is nothing unrealistic in this image. The objects, lighting, shadows, and environment all appear natural and consistent with a typical urban scene."
r77.png,somewhat,"The rider's right hand is oddly shaped and the transition between the glove and the handlebar appears unnatural, suggesting an artificial rendering rather than a real photo."
r78.png,yes,"The image has unrealistic transitions and proportions in the clothing and headgear, and the background and foreground blending looks unnatural."
r79.png,yes,"The boat's shadow and reflection on the water look inconsistent, and the boat appears oddly positioned with an unnatural shape and transition."
r8.png,no,"there is nothing unrealistic in this image. The people, objects, and background all appear natural and proportionate."
r80.png,somewhat,The driver’s arms appear to merge unnaturally into the car and the helmet's shape looks slightly unrealistic. The transitions between the helmet and the seat also lack smoothness.
r81.png,no,"there is nothing unrealistic in this image. The players, uniforms, and setting all appear normal and consistent with a real American football game."
r82.png,somewhat,"The transition between the bridge structure and the sky on the left tower appears slightly unnatural, and the shadows on the bridge seem inconsistent with the lighting."
r84.png,somewhat,"The angle of the buildings and the streetlight makes the perspective look distorted, but nothing in the image is obviously unrealistic upon close inspection."
r85.png,no,"there is nothing unrealistic in this image. The zebra, background vegetation, and lighting all appear natural and coherent."
r86.png,no,"there is nothing unrealistic in this image. The Statue of Liberty is depicted accurately with smooth transitions and natural lighting, consistent with real-life appearance."
r87.png,no,there is nothing unrealistic in this image. The steam locomotive appears normal with accurate proportions and smooth transitions between objects and surroundings.
r88.png,no,there is nothing unrealistic in this image. The sunflower and its surroundings appear natural and proportionate.
r90.png,somewhat,"The tomatoes’ green stems appear slightly unnaturally shaped and their attachment to the vine looks artificial, with transitions between fruit and stems not perfectly smooth."
r91.png,no,"nothing looks unrealistic in this image. The windows, wall texture, and overall scene appear natural."
r92.png,somewhat,"The person’s face, specifically the jaw and neck area, looks slightly unnatural with inconsistent blending, giving an odd transition between the face and the hand/neck area."
r93.png,yes,"Yes, the snow is unrealistically unevenly distributed and appears almost painted on, with unnatural clumps and shapes on the leaves that do not look like natural snowfall."
r94.png,no,"there is nothing unrealistic in this image. The bird, branches, and sunset all appear natural and proportionate."
r95.png,somewhat,"The light beams and clouds have an artificial, almost painted look, and the transition between the sky and the mountains is unnaturally sharp, lacking natural atmospheric blending."
r96.png,no,"there is nothing unrealistic in this image. The caterpillars and their silken nest appear natural, with smooth transitions and consistent lighting and textures."
r97.png,somewhat,"The transition between the buildings on the left side is unusually sharp and unnatural, and the vehicles on the street appear somewhat distorted."
r98.png,no,"there is nothing unrealistic in this image. The turtle's features, texture, and background look natural and proportionate."
r99.png,yes,"The corn appears unusually thick and unnaturally shaped, lacking realistic tapering at the tips, which makes the ears look distorted and unrealistic for fresh corn."
